{
  "version": "v2_reconstructed",
  "total_records": 8952,
  "train": 7127,
  "val": 905,
  "test": 920,
  "sources": {
    "71852_label": 3278,
    "71852_source": 0,
    "98": 5674,
    "71844": "전량 제거"
  },
  "category_distribution": {
    "안전": 57,
    "환경": 2040,
    "교통": 2555,
    "복지": 196,
    "행정": 2458,
    "건축": 312,
    "기타": 1320,
    "세금": 14
  },
  "unique_categories": 8,
  "avg_output_length": 330.10098302055405,
  "median_output_length": 246.0,
  "pii_density_percent": 0.5340167447202755
}